variant_id,n,asr,asr_direct,loc_f1,loc_f1_direct,asr_after_sanitizer_generic,asr_after_sanitizer_generic_direct,asr_after_sanitizer_task,asr_after_sanitizer_task_direct,asr_after_redaction,asr_after_redaction_direct
k3_refs0_guideA,200,0.095,0.215,0.31355608901146925,0.8808677817579565,0.06,0.025,0.025,0.0,0.03,0.0
k3_refs1_guideA,200,0.045,0.245,0.3464046438736389,0.881603586749616,0.03,0.02,0.015,0.02,0.015,0.005
k4_refs0_guideA,200,0.085,0.32,0.38592011102652984,0.8843511264063599,0.035,0.04,0.02,0.02,0.015,0.0
k4_refs1_guideA,200,0.05,0.21,0.3683128323285026,0.8804101721277168,0.04,0.02,0.02,0.01,0.01,0.005
