variant_id,n,asr,asr_direct,loc_f1,loc_f1_direct,asr_after_sanitizer,asr_after_sanitizer_direct
k3_refs0_guideA,50,0.24,0.14,0.5085748493084525,0.8820969712898336,0.08,0.0
k3_refs0_guideB,50,0.06,0.24,0.45855034216486473,0.8735357057645845,0.0,0.02
k3_refs1_guideA,50,0.16,0.2,0.4945770975043678,0.8852495334353577,0.16,0.0
k3_refs1_guideB,50,0.04,0.16,0.4690630871070183,0.8852141722749731,0.0,0.0
